국가별,2021,2021,2021,2021,2021,2021,2021,2021,2022,2022,2022,2022,2022,2022,2023,2023,2022,2022,2022,2022,2022,2022,2022,2022,2022,2023,2023,2023,2023,2023,2023,2023,2023,2023,2024,,,,,,,,2020,,,,,,,,,,,,,,,,,,,,,,,,,,,,,,,,,,,,,2021,2021,2021,2021,2021,2021,2021,2021,2021,2021,2021,2021,2021,2021,2021,2021,2021,2021,2021,2021,2021,2021,2021,2020,,,,,,,,,,,,,,,,,,,,,,,,,,,,,2021,2021,2021,2021,2021,2021,2021,2021,2021,2021,2021,2021,2021,2021,2021,2021,2021,2021,2021,2021,2021
,Number of R&D Researcher,"R&D Expenditure Ratio (as % of GDP),","High-Tech Product Exports (USD),",High-Tech Export Share (as % of Manufacturing Exports),Receipts for Industrial Property & Copyright Royalties,Payments for Industrial Property & Copyright Royalties,Resident Patent Applications,Non-Resident Patent Applications,Number of R&D Researcher,"R&D Expenditure Ratio (as % of GDP),","High-Tech Product Exports (USD),",High-Tech Export Share (as % of Manufacturing Exports),Receipts for Industrial Property & Copyright Royalties,Payments for Industrial Property & Copyright Royalties,Receipts for Industrial Property & Copyright Royalties,Payments for Industrial Property & Copyright Royalties,"GDP (billion USD, PPP-based, Nominal)","GDP (billion USD, Exchange-rate-based, Nominal)","GDP per Capita (USD per person, PPP-based, Nominal)","GDP per Capita (as % of OECD PPP-based GDP per Capita, Nominal)","Real GDP (billion USD, PPP-based, Chain-weighted, 2020 base year)","Real GDP Index (Chain-weighted, 2001=100)","Real GDP per Capita (USD per person, PPP-based, Chain-weighted, 2020 base year)","Real GDP per Capita (as % of OECD PPP-based GDP per Capita, Chain-weighted, 2020 base year)",GDP Growth Rate (Chain-weighted),"GDP (billion USD, PPP-based, Nominal)","GDP (billion USD, Exchange-rate-based, Nominal)","GDP per Capita (USD per person, PPP-based, Nominal)","GDP per Capita (as % of OECD PPP-based GDP per Capita, Nominal)","Real GDP (billion USD, PPP-based, Chain-weighted, 2020 base year)","Real GDP Index (Chain-weighted, 2001=100)","Real GDP per Capita (USD per person, PPP-based, Chain-weighted, 2020 base year)","Real GDP per Capita (as % of OECD PPP-based GDP per Capita, Chain-weighted, 2020 base year)",GDP Growth Rate (Chain-weighted),"GDP (billion USD, PPP-based, Nominal)","GDP (billion USD, Exchange-rate-based, Nominal)","GDP per Capita (as % of OECD PPP-based GDP per Capita, Nominal)","Real GDP (billion USD, PPP-based, Chain-weighted, 2020 base year)","Real GDP Index (Chain-weighted, 2001=100)","Real GDP per Capita (USD per person, PPP-based, Chain-weighted, 2020 base year)","Real GDP per Capita (as % of OECD PPP-based GDP per Capita, Chain-weighted, 2020 base year)",GDP Growth Rate (Chain-weighted),Gross Domestic Expenditure on R&D (GERD) (current PPP USD),"GERD (million national currency – Eurozone, EMU Euro or Euro-based)",GERD as % of GDP,GERD (constant prices and PPP USD),GERD Average Annual Growth Rate (constant prices),GERD per Capita (current PPP USD),Estimated Private GERD as % of GDP,Basic Research Expenditure as % of GDP,"Total Researchers (Full-Time Equivalent, FTE)","Total Researchers (FTE), Average Annual Growth Rate","Total Researchers (FTE) per 1,000 Employed Persons","Total Researchers (FTE) per 1,000 Labour Force",Total R&D Personnel (FTE),"Total R&D Personnel (FTE), Average Annual Growth Rate","Total R&D Personnel (FTE) per 1,000 Employed Persons","Total R&D Personnel (FTE) per 1,000 Labour Force",Business-Financed GERD as % of GDP,Government-Financed GERD as % of GDP,Share of Business-Financed GERD (%),Share of Government-Financed GERD (%),Share of Higher Education & Private Non-Profit (PNP)-Financed GERD (%),Share of Foreign-Financed GERD (%),Share of GERD Performed by Business Sector (%),Share of GERD Performed by Higher Education Institutions (%),Share of GERD Performed by Government Sector (%),Share of GERD Performed by Private Non-Profit Sector (%),Total Researchers (Headcount),Business Sector: Total Researchers (Headcount),Government Sector: Total Researchers (Headcount),Government Sector: Female Researchers (Headcount),Higher Education Institutions: Total Researchers (Headcount),Gross Domestic Expenditure on R&D (GERD) (current PPP USD),GERD as % of GDP,GERD (constant prices and PPP USD),GERD Average Annual Growth Rate (constant prices),GERD per Capita (current PPP USD),Estimated Private GERD as % of GDP,Basic Research Expenditure as % of GDP,"Total Researchers (Full-Time Equivalent, FTE)","Total Researchers (FTE), Average Annual Growth Rate","Total Researchers (FTE) per 1,000 Employed Persons","Total Researchers (FTE) per 1,000 Labour Force",Total R&D Personnel (FTE),"Total R&D Personnel (FTE), Average Annual Growth Rate","Total R&D Personnel (FTE) per 1,000 Employed Persons","Total R&D Personnel (FTE) per 1,000 Labour Force",Business-Financed GERD as % of GDP,Government-Financed GERD as % of GDP,Share of Business-Financed GERD (%),Share of Government-Financed GERD (%),Share of Higher Education & Private Non-Profit (PNP)-Financed GERD (%),Share of Foreign-Financed GERD (%),Share of GERD Performed by Business Sector (%),Share of GERD Performed by Higher Education Institutions (%),Share of GERD Performed by Government Sector (%),Share of GERD Performed by Private Non-Profit Sector (%),Total Researchers (Headcount),Business Sector: Total Researchers (Headcount),Government Sector: Total Researchers (Headcount),Higher Education Institutions: Total Researchers (Headcount),Business R&D Expenditure (BERD) (current PPP USD),"BERD (million national currency – Eurozone, EMU Euro or Euro-based)",BERD as % of GDP,BERD (constant prices and PPP USD),BERD Average Annual Growth Rate (constant prices),BERD as % of Industrial Value Added,"Business Researchers (Full-Time Equivalent, FTE)","Business Researchers (FTE), Average Annual Growth Rate",Business Researchers (FTE) as % of National Total,"Business Researchers (FTE) per 1,000 Employed Persons",Business R&D Personnel (FTE),"Business R&D Personnel (FTE), Average Annual Growth Rate",Business R&D Personnel (FTE) as % of National Total,"Business R&D Personnel (FTE) per 1,000 Employed Persons",Business-Financed BERD (constant prices and PPP USD),"Business-Financed BERD, Average Annual Growth Rate (constant prices)",Business-Financed BERD as % of Industrial Value Added,Share of Business-Financed BERD (%),Share of Government-Financed BERD (%),Share of Higher Education & Private Non-Profit (PNP)-Financed BERD (%),Share of Foreign-Financed BERD (%),Aerospace Industry BERD (current PPP USD),Share of Aerospace Industry BERD (%),"Computer, Electronic & Optical Industry BERD (PPP USD)","Share of Computer, Electronic & Optical Industry BERD (%)",Pharmaceutical Industry BERD (PPP USD),Share of Pharmaceutical Industry BERD (%),Service Sector BERD (current PPP USD),Share of Service Sector BERD (%),Business R&D Expenditure (BERD) (current PPP USD),"BERD (million national currency – Eurozone, EMU Euro or Euro-based)",BERD as % of GDP,BERD (constant prices and PPP USD),BERD Average Annual Growth Rate (constant prices),BERD as % of Industrial Value Added,"Business Researchers (Full-Time Equivalent, FTE)","Business Researchers (FTE), Average Annual Growth Rate",Business Researchers (FTE) as % of National Total,"Business Researchers (FTE) per 1,000 Employed Persons",Business R&D Personnel (FTE),"Business R&D Personnel (FTE), Average Annual Growth Rate",Business R&D Personnel (FTE) as % of National Total,"Business R&D Personnel (FTE) per 1,000 Employed Persons",Business-Financed BERD (constant prices and PPP USD),"Business-Financed BERD, Average Annual Growth Rate (constant prices)",Business-Financed BERD as % of Industrial Value Added,Share of Business-Financed BERD (%),Share of Government-Financed BERD (%),Share of Higher Education & Private Non-Profit (PNP)-Financed BERD (%),Share of Foreign-Financed BERD (%)
Austria,"6,341.739 (per million people)",3.256 (% of GDP),"17,002,728,739.000 (current US$)",11.006 (% of manufactured exports),"1,714,405,454.113 (BoP, current US$)","1,801,609,189.538 (BoP, current US$)","1,872.000 (number)",175.000 (number),-,-,"26,998,954,256.000 (current US$)",17.104 (% of manufactured exports),"1,680,848,563.758 (BoP, current US$)","1,849,911,177.922 (BoP, current US$)","1,742,612,985.414 (BoP, current US$)","2,049,454,563.258 (BoP, current US$)",639.57,471.77,"70,648.79",124.90,575.73,136.46,"63,596.25",136.26,5.28,643.60,511.69,"70,486.71",120.16,570.23,135.16,"62,451.81",133.81,-0.95,635.30,521.64,"69,198.88",563.54,133.57,"61,382.76",131.52,-1.17,"16,345.76 (mlnUS$)","12,199.02",3.20 (%),"13,996.93 (mlnUS$)",-4.39 (%),"1,833.13 (US$)",-,-,"51,892.00 (명(FTE))",-1.71 (%),11.63 (per 1000),11.43 (per 1000),"82,052.60 (명(FTE))",-1.92 (%),18.39 (per 1000),18.07 (per 1000),1.59 (%),1.07 (%),49.80 (%),33.33 (%),0.29 (%),16.58 (%),69.54 (%),22.35 (%),7.55 (%),0.56 (%),-,-,-,-,-,"17,486.90 (mlnUS$)",3.26 (%),"14,885.40 (mlnUS$)",6.35 (%),"1,953.51 (US$)",-,-,"56,533.10 (명(FTE))",8.94 (%),12.42 (per 1000),12.32 (per 1000),"87,458.70 (명(FTE))",6.59 (%),19.21 (per 1000),19.06 (per 1000),1.72 (%),0.93 (%),52.96 (%),28.46 (%),1.35 (%),17.23 (%),68.87 (%),23.09 (%),7.54 (%),0.50 (%),"96,270.00 (Persons)","46,547.00 (Persons)","7,102.00 (Persons)","41,791.00 (Persons)","11,367.19 (mlnUS$)","8,483.46",2.23 (%),"9,733.77 (mlnUS$)",-5.46 (%),3.49 (%),"32,849.00 (명(FTE))",-3.01 (%),63.30 (%),9.89 (per 1000),"56,828.40 (명(FTE))",-3.01 (%),69.26 (%),17.12 (per 1000),-,-,-,-,-,-,-,-,-,-,-,-,-,-,-,"12,042.44 (mlnUS$)","9,107.80",2.24 (%),"10,250.90 (mlnUS$)",5.31 (%),3.51 (%),"36,014.90 (명(FTE))",9.64 (%),63.71 (%),10.64 (per 1000),"60,532.70 (명(FTE))",6.52 (%),69.21 (%),17.88 (per 1000),"7,580.64 (mlnUS$)",-1.13 (%),2.59 (%),73.95 (%),4.41 (%),0.06 (%),21.59 (%)
Belgium,"6,581.892 (per million people)",3.430 (% of GDP),"60,841,052,178.000 (current US$)",21.380 (% of manufactured exports),"4,042,558,035.426 (BoP, current US$)","3,279,018,276.046 (BoP, current US$)",799.000 (number),415.000 (number),-,-,"65,782,548,564.000 (current US$)",21.878 (% of manufactured exports),"4,076,074,549.513 (BoP, current US$)","3,531,671,696.780 (BoP, current US$)","4,087,696,829.746 (BoP, current US$)","4,467,696,059.940 (BoP, current US$)",795.86,593.44,"68,138.88",120.46,716.83,140.04,"61,372.06",131.50,4.23,814.19,644.78,"69,116.38",117.82,725.80,141.80,"61,612.75",132.01,1.25,829.81,665.16,"70,026.27",733.02,143.21,"61,858.61",132.54,1.00,"21,389.40 (mlnUS$)","15,620.21",3.40 (%),"17,937.62 (mlnUS$)",1.84 (%),"1,852.86 (US$)",-,-,"62,447.89 (명(FTE))",3.02 (%),12.75 (per 1000),12.24 (per 1000),"95,965.84 (명(FTE))",2.61 (%),19.59 (per 1000),18.82 (per 1000),-,-,-,-,-,-,73.86 (%),16.66 (%),8.83 (%),0.65 (%),-,-,"6,897.00 (Persons)","2,487.00 (Persons)","35,249.00 (Persons)","23,395.89 (mlnUS$)",3.43 (%),"19,249.36 (mlnUS$)",7.31 (%),"2,018.28 (US$)",-,0.32 (%),"76,232.53 (명(FTE))",-,15.28 (per 1000),14.58 (per 1000),"119,164.88 (명(FTE))",-,23.88 (per 1000),22.78 (per 1000),2.21 (%),0.59 (%),64.42 (%),17.26 (%),3.08 (%),15.24 (%),74.69 (%),16.24 (%),8.56 (%),0.51 (%),"112,423.00 (Persons)","67,878.00 (Persons)","7,030.00 (Persons)","36,725.00 (Persons)","15,799.00 (mlnUS$)","11,537.66",2.51 (%),"13,249.39 (mlnUS$)",2.00 (%),4.10 (%),"34,739.75 (명(FTE))",2.52 (%),55.63 (%),10.50 (per 1000),"60,720.83 (명(FTE))",5.31 (%),63.27 (%),18.35 (per 1000),-,-,-,-,-,-,-,-,-,-,-,-,-,-,-,"17,474.24 (mlnUS$)","12,873.03",2.56 (%),"14,377.22 (mlnUS$)",8.51 (%),4.16 (%),"47,062.10 (명(FTE))",-,61.73 (%),13.95 (per 1000),"81,250.72 (명(FTE))",-,68.18 (%),24.08 (per 1000),"11,956.70 (mlnUS$)",4.94 (%),3.46 (%),83.16 (%),3.60 (%),0.60 (%),12.64 (%)
Canada,-,1.697 (% of GDP),"29,239,719,472.000 (current US$)",15.047 (% of manufactured exports),"7,580,423,429.035 (BoP, current US$)","15,602,360,758.540 (BoP, current US$)","4,710.000 (number)","32,445.000 (number)",-,1.552 (% of GDP),"30,335,008,047.000 (current US$)",13.670 (% of manufactured exports),"6,912,206,983.884 (BoP, current US$)","15,151,615,882.420 (BoP, current US$)","7,617,444,599.816 (BoP, current US$)","16,638,130,551.572 (BoP, current US$)","2,475.48","2,190.41","63,578.30",112.40,"2,039.81",150.08,"52,388.82",112.25,4.19,"2,583.90","2,173.34","64,462.93",109.89,"2,070.99",152.38,"51,666.94",110.70,1.53,"2,690.18","2,241.25","65,155.40","2,102.64",154.71,"50,925.38",109.12,1.53,"34,011.31 (mlnUS$)","41,870.00",1.89 (%),"31,111.03 (mlnUS$)",1.35 (%),894.87 (US$),-,-,"191,670.00 (명(FTE))",5.03 (%),10.98 (per 1000),9.56 (per 1000),"267,470.00 (명(FTE))",4.27 (%),15.33 (per 1000),13.34 (per 1000),0.82 (%),0.60 (%),43.35 (%),31.66 (%),15.09 (%),9.90 (%),54.07 (%),37.94 (%),7.59 (%),0.40 (%),-,-,-,-,-,"34,401.96 (mlnUS$)",1.70 (%),"30,477.16 (mlnUS$)",-2.04 (%),899.95 (US$),-,-,-,-,-,-,-,-,-,-,0.75 (%),0.52 (%),44.04 (%),30.87 (%),15.02 (%),10.07 (%),55.01 (%),37.72 (%),6.91 (%),0.37 (%),-,-,-,-,"18,389.01 (mlnUS$)","22,638.00",1.02 (%),"16,820.91 (mlnUS$)",1.54 (%),1.63 (%),"117,630.00 (명(FTE))",6.70 (%),61.37 (%),9.53 (per 1000),"169,590.00 (명(FTE))",5.63 (%),63.41 (%),13.74 (per 1000),"12,615.31 (mlnUS$)",1.16 (%),1.22 (%),75.00 (%),7.02 (%),0.22 (%),17.76 (%),478.45 (mlnUS$),2.60 (%),"1,036.50 (mlnUS$)",5.64 (%),396.41 (mlnUS$),2.16 (%),"12,045.70 (mlnUS$)",65.50 (%),"18,923.30 (mlnUS$)","23,430.00",0.93 (%),"16,764.40 (mlnUS$)",-0.34 (%),1.49 (%),-,-,-,-,-,-,-,-,"12,572.94 (mlnUS$)",-0.34 (%),1.12 (%),75.00 (%),7.03 (%),0.21 (%),17.76 (%)
Denmark,"7,707.725 (per million people)",2.813 (% of GDP),"12,558,351,706.000 (current US$)",13.767 (% of manufactured exports),"4,196,545,124.226 (BoP, current US$)","1,761,444,057.726 (BoP, current US$)","1,090.000 (number)",186.000 (number),-,-,"14,326,669,683.000 (current US$)",15.805 (% of manufactured exports),"6,395,685,614.148 (BoP, current US$)","1,872,194,645.345 (BoP, current US$)","6,631,125,079.820 (BoP, current US$)","2,635,601,189.078 (BoP, current US$)",456.90,401.95,"77,356.46",136.76,398.55,133.92,"67,478.57",144.58,1.54,438.51,407.09,"73,724.62",125.68,408.50,137.26,"68,678.55",147.15,2.50,458.61,428.19,"76,736.00",423.07,142.16,"70,789.47",151.68,3.57,"10,531.20 (mlnUS$)","68,991.00",2.97 (%),"8,884.62 (mlnUS$)",0.13 (%),"1,806.38 (US$)",-,-,"44,553.00 (명(FTE))",-0.26 (%),14.94 (per 1000),14.53 (per 1000),"62,049.00 (명(FTE))",-0.29 (%),20.81 (per 1000),20.23 (per 1000),-,-,-,-,-,-,61.59 (%),34.60 (%),3.45 (%),0.36 (%),"61,481.00 (Persons)","30,747.00 (Persons)","2,782.00 (Persons)",-,"27,665.00 (Persons)","10,688.17 (mlnUS$)",2.76 (%),"8,818.40 (mlnUS$)",-0.75 (%),"1,825.79 (US$)",-,-,"45,017.00 (명(FTE))",1.04 (%),14.75 (per 1000),14.55 (per 1000),"62,169.00 (명(FTE))",0.19 (%),20.37 (per 1000),20.09 (per 1000),-,-,-,-,-,-,62.14 (%),34.10 (%),3.40 (%),0.36 (%),-,-,-,-,573.47 (mlnUS$),"239,968.18",0.12 (%),489.88 (mlnUS$),-2.68 (%),0.18 (%),"2,646.51 (명(FTE))",-1.25 (%),26.57 (%),0.47 (per 1000),"3,936.61 (명(FTE))",-6.18 (%),24.08 (%),0.70 (per 1000),449.34 (mlnUS$),4.71 (%),0.16 (%),91.72 (%),7.88 (%),0.15 (%),0.25 (%),-,-,-,-,-,-,-,-,-,-,-,-,-,-,-,-,-,-,-,-,-,-,-,-,-,-,-,-,-
France,"5,175.005 (per million people)",2.219 (% of GDP),"97,528,027,435.000 (current US$)",21.880 (% of manufactured exports),"15,480,230,955.310 (BoP, current US$)","13,704,281,563.225 (BoP, current US$)","13,386.000 (number)","1,373.000 (number)",-,-,"95,753,974,734.000 (current US$)",20.756 (% of manufactured exports),"14,126,390,161.104 (BoP, current US$)","13,407,741,811.034 (BoP, current US$)","16,661,460,037.378 (BoP, current US$)","15,507,273,748.757 (BoP, current US$)","3,823.96","2,796.30","56,170.31",99.30,"3,667.16",128.20,"53,866.98",115.42,2.57,"3,982.38","3,051.83","58,317.42",99.41,"3,701.50",129.40,"54,204.24",116.14,0.94,"4,055.62","3,162.08","59,182.86","3,744.66",130.91,"54,645.08",117.09,1.17,"74,219.06 (mlnUS$)","52,722.27",2.28 (%),"61,369.60 (mlnUS$)",-3.99 (%),"1,091.42 (US$)",-,0.52 (%),"321,398.00 (명(FTE))",2.56 (%),11.28 (per 1000),10.93 (per 1000),"474,150.00 (명(FTE))",2.65 (%),16.64 (per 1000),16.13 (per 1000),1.29 (%),0.72 (%),56.44 (%),31.76 (%),4.03 (%),7.76 (%),65.67 (%),20.52 (%),11.83 (%),1.98 (%),"460,792.00 (Persons)","289,641.00 (Persons)","31,167.00 (Persons)","11,853.00 (Persons)","133,513.00 (Persons)","77,224.75 (mlnUS$)",2.22 (%),"63,751.58 (mlnUS$)",3.88 (%),"1,131.73 (US$)",-,0.51 (%),"333,800.00 (명(FTE))",3.86 (%),11.40 (per 1000),11.08 (per 1000),"496,250.00 (명(FTE))",4.66 (%),16.94 (per 1000),16.47 (per 1000),1.23 (%),0.72 (%),55.43 (%),32.46 (%),4.43 (%),7.69 (%),65.73 (%),20.48 (%),11.72 (%),2.07 (%),"467,519.00 (Persons)","291,075.00 (Persons)","31,845.00 (Persons)","137,688.00 (Persons)","1,150.41 (mlnUS$)","1,492,192.80",0.15 (%),948.06 (mlnUS$),-9.38 (%),0.23 (%),-,-,-,-,-,-,-,-,936.57 (mlnUS$),-9.53 (%),0.23 (%),98.79 (%),1.21 (%),0.00 (%),0.00 (%),-,-,-,-,-,-,-,-,-,-,-,-,-,-,-,-,-,-,-,-,-,-,-,-,-,-,-,-,-
Germany,"5,535.954 (per million people)",3.142 (% of GDP),"211,891,202,239.000 (current US$)",15.381 (% of manufactured exports),"59,164,238,271.645 (BoP, current US$)","21,645,271,655.916 (BoP, current US$)","39,822.000 (number)","18,747.000 (number)",-,-,"223,370,841,889.000 (current US$)",15.991 (% of manufactured exports),"52,189,339,953.923 (BoP, current US$)","20,900,280,833.239 (BoP, current US$)","47,010,035,548.052 (BoP, current US$)","24,082,729,102.782 (BoP, current US$)","5,663.89","4,163.60","67,589.79",119.49,"5,128.78",126.28,"61,204.07",131.14,1.37,"5,763.47","4,525.70","68,195.43",116.25,"5,115.11",125.94,"60,523.86",129.68,-0.27,"5,841.71","4,659.93","68,955.57","5,102.91",125.64,"60,234.82",129.06,-0.24,"147,010.56 (mlnUS$)","106,582.97",3.13 (%),"125,483.22 (mlnUS$)",-4.91 (%),"1,767.78 (US$)",-,-,"450,796.44 (명(FTE))",0.02 (%),10.04 (per 1000),10.45 (per 1000),"733,831.18 (명(FTE))",-0.24 (%),16.34 (per 1000),17.02 (per 1000),1.96 (%),0.93 (%),62.61 (%),29.70 (%),0.37 (%),7.31 (%),66.64 (%),18.73 (%),14.63 (%),-,-,-,"71,733.00 (Persons)","27,154.00 (Persons)","295,712.00 (Persons)","153,724.23 (mlnUS$)",3.13 (%),"129,348.45 (mlnUS$)",3.08 (%),"1,847.74 (US$)",-,-,"461,645.00 (명(FTE))",2.41 (%),10.27 (per 1000),10.75 (per 1000),"753,940.00 (명(FTE))",2.74 (%),16.76 (per 1000),17.56 (per 1000),1.96 (%),0.94 (%),62.78 (%),29.96 (%),0.32 (%),6.94 (%),66.94 (%),18.25 (%),14.81 (%),-,"691,264.00 (Persons)","314,353.00 (Persons)","75,078.00 (Persons)","301,833.00 (Persons)",110.18 (mlnUS$),"36,180.28",0.10 (%),92.27 (mlnUS$),-6.60 (%),0.16 (%),324.00 (명(FTE)),-3.09 (%),17.35 (%),0.22 (per 1000),-,-,-,-,83.78 (mlnUS$),-6.18 (%),0.14 (%),90.80 (%),5.09 (%),3.59 (%),0.53 (%),-,-,-,-,-,-,-,-,101.80 (mlnUS$),"34,988.95",0.09 (%),87.50 (mlnUS$),-5.17 (%),0.13 (%),439.00 (명(FTE)),35.49 (%),21.38 (%),0.28 (per 1000),-,-,-,-,79.63 (mlnUS$),-4.96 (%),0.12 (%),91.00 (%),5.00 (%),3.50 (%),0.50 (%)
Greece,"4,326.307 (per million people)",1.456 (% of GDP),"4,490,626,006.000 (current US$)",12.256 (% of manufactured exports),"63,730,367.508 (BoP, current US$)","351,027,036.980 (BoP, current US$)",394.000 (number),532.000 (number),-,-,"2,818,932,039.000 (current US$)",14.260 (% of manufactured exports),"87,274,704.688 (BoP, current US$)","279,990,877.891 (BoP, current US$)","49,540,823.101 (BoP, current US$)","371,119,955.424 (BoP, current US$)",406.72,218.88,"38,444.87",67.97,363.03,105.58,"34,315.16",73.53,5.74,428.52,243.50,"40,625.45",69.25,371.49,108.05,"35,218.78",75.46,2.33,443.03,257.14,"42,067.93",379.93,110.50,"36,076.49",77.30,2.27,"4,584.35 (mlnUS$)","2,494.20",1.51 (%),"4,140.44 (mlnUS$)",7.62 (%),428.50 (US$),-,0.52 (%),"42,948.82 (명(FTE))",9.91 (%),9.58 (per 1000),9.28 (per 1000),"58,103.29 (명(FTE))",7.73 (%),12.96 (per 1000),12.55 (per 1000),0.60 (%),0.64 (%),39.95 (%),42.67 (%),2.96 (%),14.42 (%),46.10 (%),31.78 (%),21.54 (%),0.58 (%),"72,234.00 (Persons)","17,097.00 (Persons)","18,171.00 (Persons)","7,663.00 (Persons)","36,525.00 (Persons)","4,850.09 (mlnUS$)",1.46 (%),"4,336.30 (mlnUS$)",4.73 (%),455.82 (US$),-,0.54 (%),"45,344.53 (명(FTE))",5.58 (%),9.85 (per 1000),9.85 (per 1000),"61,702.33 (명(FTE))",6.19 (%),13.40 (per 1000),13.40 (per 1000),0.56 (%),0.65 (%),38.30 (%),44.46 (%),2.86 (%),14.38 (%),47.06 (%),30.05 (%),22.31 (%),0.58 (%),"76,660.00 (Persons)","19,096.00 (Persons)","19,263.00 (Persons)","37,875.00 (Persons)","5,546.28 (mlnUS$)","69,112.55",1.21 (%),"4,690.10 (mlnUS$)",-3.72 (%),1.81 (%),"22,526.52 (명(FTE))",3.78 (%),50.96 (%),5.34 (per 1000),"46,234.36 (명(FTE))",3.22 (%),57.11 (%),10.97 (per 1000),"2,637.76 (mlnUS$)",-9.05 (%),1.02 (%),56.24 (%),6.80 (%),0.06 (%),36.90 (%),98.87 (mlnUS$),1.78 (%),267.59 (mlnUS$),4.82 (%),105.62 (mlnUS$),1.90 (%),"2,614.89 (mlnUS$)",47.15 (%),"6,007.61 (mlnUS$)","76,554.91",1.25 (%),"5,027.83 (mlnUS$)",7.20 (%),1.87 (%),"25,610.99 (명(FTE))",13.69 (%),53.27 (%),6.08 (per 1000),"49,019.40 (명(FTE))",6.02 (%),57.89 (%),11.63 (per 1000),"2,786.02 (mlnUS$)",5.62 (%),1.04 (%),55.41 (%),5.93 (%),0.05 (%),38.61 (%)
Iceland,"6,940.417 (per million people)",2.805 (% of GDP),"239,162,345.000 (current US$)",33.487 (% of manufactured exports),"66,878,703.983 (BoP, current US$)","65,200,016.698 (BoP, current US$)",34.000 (number),2.000 (number),-,-,"322,122,034.000 (current US$)",33.276 (% of manufactured exports),"86,464,476.055 (BoP, current US$)","70,940,517.286 (BoP, current US$)","74,233,374.814 (BoP, current US$)","64,546,154.361 (BoP, current US$)",28.05,28.70,"75,787.73",133.99,23.41,179.01,"63,239.74",135.50,8.98,30.16,31.45,"79,464.42",135.46,24.73,189.11,"65,155.69",139.61,5.65,31.39,33.46,-,24.85,190.09,-,-,0.52,495.66 (mlnUS$),"72,697.20",2.49 (%),444.76 (mlnUS$),-1.34 (%),"1,352.41 (US$)",2.49 (%),0.45 (%),-,-,-,-,-,-,-,-,1.02 (%),0.69 (%),41.09 (%),27.72 (%),4.49 (%),26.70 (%),67.95 (%),28.68 (%),3.37 (%),-,-,-,-,-,-,608.18 (mlnUS$),2.81 (%),522.67 (mlnUS$),17.52 (%),"1,632.71 (US$)",2.81 (%),0.47 (%),"2,561.00 (명(FTE))",5.72 (%),13.10 (per 1000),12.13 (per 1000),"4,414.00 (명(FTE))",8.61 (%),22.58 (per 1000),20.90 (per 1000),1.37 (%),0.70 (%),48.85 (%),24.99 (%),4.62 (%),21.55 (%),71.66 (%),25.52 (%),2.83 (%),-,"4,703.00 (Persons)","1,879.00 (Persons)",287.00 (Persons),"2,537.00 (Persons)","6,486.54 (mlnUS$)","42,494.00",1.83 (%),"5,472.35 (mlnUS$)",-0.69 (%),3.14 (%),"25,912.00 (명(FTE))",-0.84 (%),58.16 (%),12.97 (per 1000),"37,277.00 (명(FTE))",-0.84 (%),60.08 (%),18.66 (per 1000),-,-,-,-,-,-,-,4.12 (mlnUS$),0.06 (%),452.75 (mlnUS$),6.98 (%),"1,552.87 (mlnUS$)",23.94 (%),"2,802.43 (mlnUS$)",43.20 (%),"6,641.92 (mlnUS$)","43,769.00",1.72 (%),"5,480.00 (mlnUS$)",0.14 (%),2.85 (%),"25,288.00 (명(FTE))",-2.41 (%),56.17 (%),12.41 (per 1000),"36,818.00 (명(FTE))",-1.23 (%),59.22 (%),18.07 (per 1000),-,-,-,-,-,-,-
Ireland,"5,250.682 (per million people)",1.131 (% of GDP),"49,839,637,279.000 (current US$)",28.478 (% of manufactured exports),"18,277,580,932.468 (BoP, current US$)","133,421,492,886.797 (BoP, current US$)",75.000 (number),42.000 (number),-,-,"80,006,331,470.000 (current US$)",40.690 (% of manufactured exports),"14,880,800,687.230 (BoP, current US$)","142,667,383,040.368 (BoP, current US$)","15,379,649,350.285 (BoP, current US$)","152,463,676,133.891 (BoP, current US$)",709.49,548.57,"136,447.03",241.23,622.40,301.33,"119,697.92",256.47,8.62,662.92,551.39,"125,177.65",213.39,587.98,284.67,"111,026.24",237.89,-5.53,681.43,577.39,"126,542.34",595.16,288.14,"110,522.22",236.81,1.22,"5,772.38 (mlnUS$)","4,595.29",1.22 (%),"5,398.71 (mlnUS$)",6.45 (%),"1,159.04 (US$)",1.22 (%),-,"23,929.00 (명(FTE))",1.67 (%),10.82 (per 1000),10.46 (per 1000),"32,757.00 (명(FTE))",1.82 (%),14.81 (per 1000),14.32 (per 1000),-,-,-,-,-,-,73.80 (%),22.61 (%),3.60 (%),-,-,-,-,-,-,"6,066.17 (mlnUS$)",1.11 (%),"5,636.94 (mlnUS$)",-,"1,208.73 (US$)",1.11 (%),0.22 (%),"26,081.00 (명(FTE))",-,11.12 (per 1000),10.71 (per 1000),"38,444.00 (명(FTE))",-,16.39 (per 1000),15.79 (per 1000),0.62 (%),0.19 (%),55.52 (%),16.76 (%),1.46 (%),26.25 (%),80.46 (%),16.04 (%),3.50 (%),-,"36,541.00 (Persons)","16,739.00 (Persons)",998.00 (Persons),"18,804.00 (Persons)",504.61 (mlnUS$),264.29,0.96 (%),431.53 (mlnUS$),10.02 (%),1.51 (%),"2,107.50 (명(FTE))",8.07 (%),41.34 (%),4.31 (per 1000),"2,749.60 (명(FTE))",4.18 (%),42.63 (%),5.63 (per 1000),370.36 (mlnUS$),9.37 (%),1.30 (%),85.83 (%),5.72 (%),0.05 (%),8.41 (%),-,-,-,-,-,-,-,-,566.14 (mlnUS$),307.65,0.98 (%),473.91 (mlnUS$),9.82 (%),1.53 (%),"2,319.00 (명(FTE))",10.04 (%),43.18 (%),4.75 (per 1000),"3,114.00 (명(FTE))",13.25 (%),45.91 (%),6.38 (per 1000),412.53 (mlnUS$),11.39 (%),1.33 (%),87.05 (%),6.71 (%),0.14 (%),6.11 (%)
Italy,"2,677.841 (per million people)",1.454 (% of GDP),"36,845,385,469.000 (current US$)",7.769 (% of manufactured exports),"4,937,609,762.987 (BoP, current US$)","5,061,604,127.850 (BoP, current US$)","10,281.000 (number)",797.000 (number),-,-,"43,256,520,915.000 (current US$)",8.770 (% of manufactured exports),"5,287,979,684.889 (BoP, current US$)","5,770,154,814.705 (BoP, current US$)","6,228,470,323.821 (BoP, current US$)","6,009,005,341.397 (BoP, current US$)","3,319.37","2,104.07","56,247.39",99.44,"3,015.80",105.59,"51,103.40",109.50,4.82,"3,415.33","2,304.61","57,902.47",98.71,"3,037.37",106.35,"51,494.72",110.34,0.72,"3,468.78","2,372.77","58,825.78","3,059.42",107.12,"51,883.60",111.17,0.73,"38,641.24 (mlnUS$)","25,028.26",1.51 (%),"32,098.47 (mlnUS$)",-6.16 (%),650.10 (US$),-,0.33 (%),"156,988.90 (명(FTE))",-2.38 (%),6.29 (per 1000),6.26 (per 1000),"342,286.20 (명(FTE))",-3.81 (%),13.72 (per 1000),13.66 (per 1000),0.80 (%),0.51 (%),52.84 (%),33.69 (%),2.18 (%),11.28 (%),61.80 (%),23.09 (%),13.21 (%),1.90 (%),"217,052.00 (Persons)","97,320.00 (Persons)","31,606.00 (Persons)","15,568.00 (Persons)","80,481.00 (Persons)","40,138.56 (mlnUS$)",1.45 (%),"33,135.88 (mlnUS$)",3.23 (%),678.78 (US$),-,0.34 (%),"158,960.00 (명(FTE))",1.26 (%),6.33 (per 1000),6.28 (per 1000),"333,103.00 (명(FTE))",-2.68 (%),13.27 (per 1000),13.16 (per 1000),0.78 (%),0.51 (%),53.91 (%),35.15 (%),2.14 (%),8.80 (%),60.19 (%),23.98 (%),13.96 (%),1.87 (%),"217,582.00 (Persons)","93,296.00 (Persons)","33,263.00 (Persons)","83,067.00 (Persons)","5,642.98 (mlnUS$)","4,644.30",1.95 (%),"4,818.71 (mlnUS$)",3.67 (%),3.41 (%),"24,648.70 (명(FTE))",7.80 (%),59.10 (%),13.69 (per 1000),"31,480.30 (명(FTE))",5.95 (%),58.82 (%),17.49 (per 1000),"3,934.92 (mlnUS$)",5.01 (%),2.79 (%),81.66 (%),3.66 (%),0.04 (%),14.64 (%),17.42 (mlnUS$),0.31 (%),"1,381.13 (mlnUS$)",24.48 (%),210.69 (mlnUS$),3.73 (%),"2,021.94 (mlnUS$)",35.83 (%),"6,232.99 (mlnUS$)","5,152.75",2.05 (%),"5,232.53 (mlnUS$)",8.59 (%),3.58 (%),"27,018.00 (명(FTE))",9.61 (%),62.03 (%),14.74 (per 1000),"34,408.00 (명(FTE))",9.30 (%),60.91 (%),18.77 (per 1000),"4,327.12 (mlnUS$)",9.97 (%),2.96 (%),82.70 (%),3.31 (%),0.02 (%),13.98 (%)
Luxembourg,"4,940.604 (per million people)",1.042 (% of GDP),"806,609,802.000 (current US$)",6.075 (% of manufactured exports),"2,440,253,311.177 (BoP, current US$)","8,646,843,921.289 (BoP, current US$)",112.000 (number),"1,441.000 (number)",-,-,"804,989,238.000 (current US$)",5.880 (% of manufactured exports),"2,194,302,481.630 (BoP, current US$)","6,601,643,473.678 (BoP, current US$)","2,214,293,151.391 (BoP, current US$)","7,034,678,725.959 (BoP, current US$)",93.64,80.80,"142,906.12",252.65,81.38,168.68,"124,199.03",266.12,-1.10,94.92,87.57,"142,142.07",242.31,80.82,167.51,"121,032.80",259.33,-0.69,98.21,93.20,"144,758.46",81.65,169.24,"120,354.83",257.88,1.03,825.79 (mlnUS$),707.08,1.09 (%),732.80 (mlnUS$),-8.46 (%),"1,308.52 (US$)",1.09 (%),-,"2,936.50 (명(FTE))",-6.06 (%),6.21 (per 1000),6.19 (per 1000),"5,561.50 (명(FTE))",-3.95 (%),11.77 (per 1000),11.71 (per 1000),-,-,-,-,-,-,49.90 (%),24.22 (%),25.88 (%),-,-,-,-,-,-,877.23 (mlnUS$),1.04 (%),735.37 (mlnUS$),0.35 (%),"1,368.46 (US$)",1.04 (%),0.43 (%),"3,135.90 (명(FTE))",6.79 (%),6.44 (per 1000),6.50 (per 1000),"5,688.90 (명(FTE))",2.29 (%),11.69 (per 1000),11.79 (per 1000),0.46 (%),0.49 (%),44.18 (%),46.99 (%),1.72 (%),7.11 (%),50.64 (%),24.97 (%),24.39 (%),-,"3,746.00 (Persons)","1,201.00 (Persons)",777.00 (Persons),"1,768.00 (Persons)","48,742.73 (mlnUS$)","34,624.90",1.50 (%),"40,303.96 (mlnUS$)",-4.35 (%),2.65 (%),"198,271.00 (명(FTE))",1.42 (%),61.69 (%),10.16 (per 1000),"286,320.00 (명(FTE))",0.98 (%),60.39 (%),14.67 (per 1000),"33,508.27 (mlnUS$)",-4.80 (%),2.21 (%),83.14 (%),8.54 (%),0.08 (%),8.24 (%),-,-,-,-,-,-,-,-,"50,757.50 (mlnUS$)","36,477.73",1.46 (%),"41,901.99 (mlnUS$)",3.96 (%),2.56 (%),"205,942.00 (명(FTE))",3.87 (%),61.70 (%),10.21 (per 1000),"302,380.00 (명(FTE))",5.61 (%),60.93 (%),14.99 (per 1000),"34,256.06 (mlnUS$)",2.23 (%),2.09 (%),81.75 (%),9.39 (%),0.24 (%),8.62 (%)
Netherlands,"6,074.311 (per million people)",2.309 (% of GDP),"101,298,570,759.000 (current US$)",21.977 (% of manufactured exports),"37,110,829,961.977 (BoP, current US$)","28,746,598,133.838 (BoP, current US$)","2,080.000 (number)","1,390.000 (number)",-,-,"92,149,414,409.000 (current US$)",20.554 (% of manufactured exports),"35,259,119,165.517 (BoP, current US$)","31,120,479,139.543 (BoP, current US$)","38,062,543,794.681 (BoP, current US$)","30,950,353,938.638 (BoP, current US$)","1,365.67","1,046.54","77,152.12",136.40,"1,218.41",138.31,"68,832.69",147.48,5.01,"1,399.87","1,154.36","78,305.79",133.49,"1,219.32",138.41,"68,205.85",146.14,0.07,"1,461.98","1,227.54","81,248.00","1,231.26",139.77,"68,426.21",146.61,0.98,"24,225.94 (mlnUS$)","18,494.00",2.32 (%),"20,864.98 (mlnUS$)",2.16 (%),"1,388.94 (US$)",-,-,"102,077.00 (명(FTE))",4.47 (%),10.66 (per 1000),10.89 (per 1000),"166,422.00 (명(FTE))",3.74 (%),17.39 (per 1000),17.76 (per 1000),1.32 (%),0.70 (%),56.88 (%),30.30 (%),2.45 (%),10.35 (%),66.58 (%),27.80 (%),5.61 (%),-,"139,928.00 (Persons)","101,695.00 (Persons)","8,800.00 (Persons)","3,801.00 (Persons)","29,433.00 (Persons)","25,652.59 (mlnUS$)",2.27 (%),"21,650.62 (mlnUS$)",3.77 (%),"1,463.10 (US$)",-,-,"106,099.00 (명(FTE))",3.94 (%),10.87 (per 1000),11.23 (per 1000),"173,667.00 (명(FTE))",4.35 (%),17.79 (per 1000),18.37 (per 1000),1.28 (%),0.70 (%),56.52 (%),30.68 (%),2.47 (%),10.33 (%),66.06 (%),28.47 (%),5.47 (%),-,"143,445.00 (Persons)","103,097.00 (Persons)","9,266.00 (Persons)","31,082.00 (Persons)","97,974.88 (mlnUS$)","71,032.00",2.09 (%),"83,628.03 (mlnUS$)",-8.05 (%),3.35 (%),"272,171.00 (명(FTE))",-1.73 (%),60.38 (%),8.48 (per 1000),"467,444.00 (명(FTE))",-1.73 (%),63.70 (%),14.57 (per 1000),"73,730.46 (mlnUS$)",-8.05 (%),2.95 (%),88.16 (%),3.19 (%),0.15 (%),8.49 (%),"1,776.55 (mlnUS$)",1.81 (%),"11,940.65 (mlnUS$)",12.19 (%),"7,238.60 (mlnUS$)",7.39 (%),"15,423.40 (mlnUS$)",15.74 (%),"102,897.66 (mlnUS$)","75,761.16",2.09 (%),"86,581.36 (mlnUS$)",3.53 (%),3.36 (%),"277,043.00 (명(FTE))",1.79 (%),60.01 (%),8.68 (per 1000),"478,129.00 (명(FTE))",2.29 (%),63.42 (%),14.98 (per 1000),"76,594.99 (mlnUS$)",3.89 (%),2.97 (%),88.47 (%),3.52 (%),0.12 (%),7.90 (%)
Norway,"7,227.931 (per million people)",1.938 (% of GDP),"4,733,188,001.000 (current US$)",20.585 (% of manufactured exports),"419,053,332.651 (BoP, current US$)","553,296,342.381 (BoP, current US$)",946.000 (number),634.000 (number),-,-,"5,273,631,388.000 (current US$)",23.609 (% of manufactured exports),"437,351,127.611 (BoP, current US$)","606,676,693.484 (BoP, current US$)","409,030,859.114 (BoP, current US$)","575,030,713.077 (BoP, current US$)",672.05,596.30,"123,153.04",217.72,387.31,139.71,"70,974.63",152.07,3.25,554.37,482.95,"100,429.94",171.20,387.59,139.81,"70,215.20",150.45,0.07,585.39,483.73,"105,059.10",395.73,142.75,"71,021.00",152.17,2.10,"7,863.49 (mlnUS$)","77,690.30",2.24 (%),"6,826.56 (mlnUS$)",-2.34 (%),"1,461.89 (US$)",-,-,"36,316.00 (명(FTE))",1.16 (%),13.00 (per 1000),12.74 (per 1000),"48,947.00 (명(FTE))",0.46 (%),17.53 (per 1000),17.16 (per 1000),1.00 (%),1.04 (%),44.48 (%),46.13 (%),1.55 (%),7.84 (%),54.33 (%),33.23 (%),12.44 (%),-,"63,103.00 (Persons)","27,277.00 (Persons)","6,503.00 (Persons)","3,234.00 (Persons)","29,323.00 (Persons)","8,580.62 (mlnUS$)",1.94 (%),"7,008.90 (mlnUS$)",2.67 (%),"1,586.65 (US$)",-,0.35 (%),"38,971.00 (명(FTE))",7.31 (%),13.78 (per 1000),13.51 (per 1000),"51,927.00 (명(FTE))",6.09 (%),18.36 (per 1000),18.00 (per 1000),0.84 (%),0.90 (%),43.45 (%),46.55 (%),1.92 (%),8.07 (%),53.86 (%),32.96 (%),13.17 (%),-,"66,898.00 (Persons)","29,660.00 (Persons)","6,523.00 (Persons)","30,715.00 (Persons)","2,113.48 (mlnUS$)","1,149.88",0.70 (%),"1,908.83 (mlnUS$)",7.60 (%),1.27 (%),"11,672.44 (명(FTE))",13.47 (%),27.18 (%),3.44 (per 1000),"15,961.31 (명(FTE))",11.31 (%),27.47 (%),4.70 (per 1000),"1,537.05 (mlnUS$)",4.71 (%),1.02 (%),80.52 (%),7.46 (%),0.10 (%),11.92 (%),-,-,24.72 (mlnUS$),1.17 (%),175.03 (mlnUS$),8.28 (%),"1,309.54 (mlnUS$)",61.96 (%),"2,282.48 (mlnUS$)","1,245.20",0.69 (%),"2,040.69 (mlnUS$)",6.91 (%),1.23 (%),"13,184.16 (명(FTE))",12.95 (%),29.08 (%),3.76 (per 1000),"17,716.70 (명(FTE))",11.00 (%),28.71 (%),5.05 (per 1000),"1,517.28 (mlnUS$)",-1.29 (%),0.91 (%),74.35 (%),12.51 (%),0.08 (%),13.06 (%)
Portugal,"5,473.447 (per million people)",1.681 (% of GDP),"3,561,355,842.000 (current US$)",6.250 (% of manufactured exports),"160,447,064.214 (BoP, current US$)","886,755,617.027 (BoP, current US$)",711.000 (number),42.000 (number),"5,742.972 (per million people)",1.728 (% of GDP),"3,746,711,414.000 (current US$)",6.155 (% of manufactured exports),"142,229,655.709 (BoP, current US$)","857,595,447.064 (BoP, current US$)","147,952,344.060 (BoP, current US$)","920,589,071.933 (BoP, current US$)",464.93,256.90,"44,410.27",78.51,418.25,116.49,"39,951.76",85.60,6.99,501.69,289.70,"47,426.53",80.85,429.18,119.54,"40,572.14",86.93,2.61,523.47,308.68,"49,002.89",437.46,121.84,"40,950.58",87.74,1.93,"5,809.16 (mlnUS$)","3,236.21",1.61 (%),"5,070.62 (mlnUS$)",6.04 (%),564.16 (US$),-,0.31 (%),"53,174.27 (명(FTE))",6.00 (%),10.93 (per 1000),10.09 (per 1000),"66,044.00 (명(FTE))",7.47 (%),13.57 (per 1000),12.53 (per 1000),0.84 (%),0.60 (%),52.15 (%),37.29 (%),4.04 (%),6.51 (%),56.97 (%),36.00 (%),4.95 (%),2.08 (%),"104,681.00 (Persons)","42,154.00 (Persons)","5,972.00 (Persons)","3,626.00 (Persons)","55,476.00 (Persons)","6,358.04 (mlnUS$)",1.68 (%),"5,571.07 (mlnUS$)",9.87 (%),618.01 (US$),-,0.31 (%),"56,365.47 (명(FTE))",6.00 (%),11.37 (per 1000),10.46 (per 1000),"69,768.77 (명(FTE))",5.64 (%),14.07 (per 1000),12.94 (per 1000),0.90 (%),0.60 (%),53.66 (%),35.58 (%),4.44 (%),6.32 (%),59.67 (%),33.31 (%),4.71 (%),2.31 (%),"110,953.00 (Persons)","46,817.00 (Persons)","6,562.00 (Persons)","56,287.00 (Persons)","4,057.84 (mlnUS$)","589,811.40",1.22 (%),"3,611.29 (mlnUS$)",5.13 (%),2.00 (%),"24,648.00 (명(FTE))",8.10 (%),58.55 (%),6.86 (per 1000),"34,941.00 (명(FTE))",5.49 (%),58.60 (%),9.73 (per 1000),"2,348.39 (mlnUS$)",-1.65 (%),1.30 (%),65.03 (%),15.75 (%),0.09 (%),19.14 (%),11.38 (mlnUS$),0.28 (%),100.74 (mlnUS$),2.48 (%),720.62 (mlnUS$),17.76 (%),"1,734.23 (mlnUS$)",42.74 (%),"4,424.76 (mlnUS$)","684,723.02",1.24 (%),"3,938.76 (mlnUS$)",9.07 (%),2.01 (%),"26,261.00 (명(FTE))",6.54 (%),60.62 (%),7.21 (per 1000),"37,113.00 (명(FTE))",6.22 (%),60.69 (%),10.19 (per 1000),"2,603.74 (mlnUS$)",10.87 (%),1.33 (%),66.11 (%),17.49 (%),0.14 (%),16.27 (%)
Spain,"3,251.743 (per million people)",1.429 (% of GDP),"23,455,675,754.000 (current US$)",9.393 (% of manufactured exports),"3,839,943,381.890 (BoP, current US$)","5,917,230,505.772 (BoP, current US$)","1,308.000 (number)",126.000 (number),-,-,"32,851,519,783.000 (current US$)",12.415 (% of manufactured exports),"4,517,637,598.837 (BoP, current US$)","5,829,246,356.399 (BoP, current US$)","4,138,629,835.952 (BoP, current US$)","6,926,976,737.787 (BoP, current US$)","2,411.67","1,446.50","50,473.08",89.23,"2,109.81",132.37,"44,155.43",94.61,6.18,"2,573.56","1,620.09","53,191.85",90.68,"2,166.26",135.91,"44,773.57",95.93,2.68,"2,685.58","1,724.38","54,996.71","2,236.58",140.33,"45,801.93",98.14,3.25,"25,377.53 (mlnUS$)","15,768.00",1.41 (%),"22,449.94 (mlnUS$)",0.03 (%),535.89 (US$),-,0.33 (%),"145,371.50 (명(FTE))",0.97 (%),7.46 (per 1000),6.39 (per 1000),"231,769.10 (명(FTE))",0.15 (%),11.89 (per 1000),10.20 (per 1000),0.69 (%),0.54 (%),49.18 (%),38.51 (%),4.60 (%),7.71 (%),55.60 (%),26.65 (%),17.46 (%),0.29 (%),"244,187.00 (Persons)","74,153.00 (Persons)","36,092.00 (Persons)","19,418.00 (Persons)","133,460.00 (Persons)","27,556.95 (mlnUS$)",1.43 (%),"24,006.51 (mlnUS$)",6.93 (%),582.21 (US$),-,0.32 (%),"154,125.00 (명(FTE))",6.02 (%),7.72 (per 1000),6.64 (per 1000),"249,474.00 (명(FTE))",7.64 (%),12.49 (per 1000),10.75 (per 1000),0.72 (%),0.54 (%),50.24 (%),37.46 (%),4.85 (%),7.45 (%),56.21 (%),26.59 (%),16.87 (%),0.33 (%),"255,385.00 (Persons)","79,471.00 (Persons)","37,937.00 (Persons)","137,380.00 (Persons)",336.79 (mlnUS$),"49,397.10",1.69 (%),302.21 (mlnUS$),-2.44 (%),2.90 (%),-,-,-,-,-,-,-,-,179.70 (mlnUS$),-3.25 (%),1.72 (%),59.46 (%),4.19 (%),0.10 (%),36.24 (%),0.00 (mlnUS$),0.00 (%),6.70 (mlnUS$),1.99 (%),0.40 (mlnUS$),0.12 (%),262.81 (mlnUS$),78.03 (%),435.80 (mlnUS$),"65,231.05",2.01 (%),374.53 (mlnUS$),23.93 (%),3.34 (%),"1,359.00 (명(FTE))",11.60 (%),53.07 (%),10.30 (per 1000),"3,009.00 (명(FTE))",13.72 (%),68.17 (%),22.81 (per 1000),252.80 (mlnUS$),40.68 (%),2.25 (%),67.50 (%),4.76 (%),0.09 (%),27.65 (%)
Sweden,"8,130.791 (per million people)",3.417 (% of GDP),"18,966,628,167.000 (current US$)",13.930 (% of manufactured exports),"9,517,972,112.729 (BoP, current US$)","11,240,731,551.486 (BoP, current US$)","1,771.000 (number)",425.000 (number),-,-,"22,976,306,438.000 (current US$)",16.840 (% of manufactured exports),"8,285,434,317.809 (BoP, current US$)","15,239,031,604.846 (BoP, current US$)","9,414,099,666.997 (BoP, current US$)","15,049,708,955.567 (BoP, current US$)",696.08,579.90,"66,121.92",116.90,639.75,153.98,"60,771.66",130.21,1.46,708.68,585.49,"66,860.51",113.98,639.02,153.80,"60,288.63",129.18,-0.11,727.31,610.12,"68,377.08",645.25,155.30,"60,661.62",129.98,0.97,"20,283.25 (mlnUS$)","175,825.00",3.49 (%),"17,880.82 (mlnUS$)",0.78 (%),"1,959.08 (US$)",-,-,"80,089.00 (명(FTE))",1.86 (%),15.83 (per 1000),14.51 (per 1000),"95,463.00 (명(FTE))",3.57 (%),18.87 (per 1000),17.30 (per 1000),-,-,-,-,-,-,72.35 (%),23.14 (%),4.40 (%),0.12 (%),-,-,-,-,-,"21,402.31 (mlnUS$)",3.40 (%),"18,504.33 (mlnUS$)",3.49 (%),"2,054.79 (US$)",-,0.48 (%),"84,694.59 (명(FTE))",5.75 (%),16.55 (per 1000),15.16 (per 1000),"98,393.67 (명(FTE))",3.07 (%),19.22 (per 1000),17.62 (per 1000),2.06 (%),0.79 (%),60.65 (%),23.25 (%),4.14 (%),11.71 (%),72.45 (%),23.03 (%),4.41 (%),0.11 (%),"119,061.00 (Persons)","70,135.00 (Persons)","12,533.00 (Persons)","36,393.00 (Persons)","4,259.82 (mlnUS$)","3,391.17",0.90 (%),"3,984.07 (mlnUS$)",5.44 (%),1.16 (%),"13,324.00 (명(FTE))",2.98 (%),55.68 (%),8.31 (per 1000),"20,322.00 (명(FTE))",2.98 (%),62.04 (%),12.68 (per 1000),-,-,-,-,-,-,-,-,-,-,-,-,-,-,-,"4,880.90 (mlnUS$)","3,879.01",0.89 (%),"4,535.54 (mlnUS$)",13.84 (%),1.15 (%),"12,333.00 (명(FTE))",-7.44 (%),47.29 (%),7.32 (per 1000),"22,946.00 (명(FTE))",12.91 (%),59.69 (%),13.62 (per 1000),"3,092.04 (mlnUS$)",-0.70 (%),0.79 (%),68.17 (%),3.13 (%),0.05 (%),28.65 (%)
Switzerland,"6,022.747 (per million people)",3.359 (% of GDP),"38,184,112,955.000 (current US$)",14.234 (% of manufactured exports),"30,718,709,735.078 (BoP, current US$)","33,552,235,289.450 (BoP, current US$)","1,288.000 (number)",267.000 (number),-,-,"77,973,722,315.000 (current US$)",28.841 (% of manufactured exports),"30,727,170,227.541 (BoP, current US$)","29,768,652,451.746 (BoP, current US$)","29,674,435,024.308 (BoP, current US$)","30,440,011,322.142 (BoP, current US$)",801.58,828.51,"91,271.60",161.36,685.89,147.76,"78,098.45",167.34,3.04,804.43,894.42,"90,229.94",153.82,690.57,148.77,"77,459.48",165.97,0.68,832.17,936.56,-,699.57,150.71,-,-,1.30,-,-,-,-,-,-,-,-,-,-,-,-,-,-,-,-,-,-,-,-,-,-,-,-,-,-,-,-,-,-,-,"22,213.68 (mlnUS$)",3.36 (%),"19,885.57 (mlnUS$)",3.40 (%),"2,551.96 (US$)",-,-,"52,222.00 (명(FTE))",4.82 (%),10.25 (per 1000),9.74 (per 1000),"90,832.00 (명(FTE))",2.63 (%),17.83 (per 1000),16.93 (per 1000),2.21 (%),0.90 (%),65.91 (%),26.81 (%),1.79 (%),5.49 (%),68.27 (%),28.18 (%),0.94 (%),2.61 (%),"82,695.00 (Persons)","28,212.00 (Persons)","1,188.00 (Persons)","53,295.00 (Persons)","19,114.06 (mlnUS$)","73,368.92",5.16 (%),"17,971.85 (mlnUS$)",8.56 (%),8.80 (%),-,-,-,-,"110,400.00 (명(FTE))",3.01 (%),-,42.23 (per 1000),"7,815.66 (mlnUS$)",17.04 (%),3.83 (%),43.49 (%),2.02 (%),0.42 (%),54.08 (%),-,-,"2,074.14 (mlnUS$)",10.85 (%),211.93 (mlnUS$),1.11 (%),"15,939.33 (mlnUS$)",83.39 (%),"20,861.32 (mlnUS$)","79,776.64",5.06 (%),"19,134.21 (mlnUS$)",6.47 (%),8.63 (%),-,-,-,-,-,-,-,-,-,-,-,-,-,-,-
United Kingdom,-,2.915 (% of GDP),"66,699,915,640.000 (current US$)",23.854 (% of manufactured exports),"25,016,957,723.389 (BoP, current US$)","17,293,104,369.766 (BoP, current US$)","11,592.000 (number)","7,263.000 (number)",-,-,"72,663,086,859.000 (current US$)",26.523 (% of manufactured exports),"28,143,162,317.880 (BoP, current US$)","18,023,322,442.670 (BoP, current US$)","31,685,440,940.942 (BoP, current US$)","21,048,753,032.257 (BoP, current US$)","3,957.84","3,114.04","58,544.46",103.50,"3,664.27",137.10,"54,201.92",116.14,4.84,"3,966.75","3,369.86","57,915.48",98.73,"3,678.82",137.65,"53,711.63",115.09,0.40,"4,154.00","3,643.83","60,006.37","3,719.31",139.16,"53,727.05",115.12,1.10,"90,204.79 (mlnUS$)","61,841.44",2.93 (%),"78,241.55 (mlnUS$)",-2.16 (%),"1,344.71 (US$)",-,-,-,-,-,-,-,-,-,-,1.68 (%),0.58 (%),57.42 (%),19.62 (%),11.06 (%),11.90 (%),71.14 (%),22.43 (%),4.98 (%),1.45 (%),-,-,"8,147.20 (Persons)","3,156.00 (Persons)",-,"97,792.65 (mlnUS$)",2.91 (%),"83,706.92 (mlnUS$)",6.99 (%),"1,448.11 (US$)",-,-,-,-,-,-,-,-,-,-,1.71 (%),0.57 (%),58.54 (%),19.40 (%),11.42 (%),10.63 (%),70.92 (%),22.52 (%),5.09 (%),1.47 (%),-,-,"9,507.90 (Persons)",-,"23,879.82 (mlnUS$)","15,467.16",0.93 (%),"19,836.47 (mlnUS$)",-8.21 (%),1.53 (%),"73,694.40 (명(FTE))",-5.65 (%),46.94 (%),3.99 (per 1000),"211,788.90 (명(FTE))",-5.90 (%),61.87 (%),11.48 (per 1000),"16,317.78 (mlnUS$)",-11.64 (%),1.26 (%),82.26 (%),4.71 (%),0.16 (%),12.87 (%),"1,883.14 (mlnUS$)",7.89 (%),"1,693.23 (mlnUS$)",7.09 (%),"1,164.77 (mlnUS$)",4.88 (%),"7,155.58 (mlnUS$)",29.96 (%),"24,160.52 (mlnUS$)","15,644.91",0.88 (%),"19,945.41 (mlnUS$)",0.55 (%),1.42 (%),"72,353.00 (명(FTE))",-1.82 (%),45.52 (%),3.89 (per 1000),"198,175.00 (명(FTE))",-6.43 (%),59.49 (%),10.66 (per 1000),"17,121.68 (mlnUS$)",4.93 (%),1.22 (%),85.84 (%),4.39 (%),0.28 (%),9.49 (%)
United States,-,3.457 (% of GDP),"169,217,253,983.000 (current US$)",19.894 (% of manufactured exports),"128,352,000,000.000 (BoP, current US$)","46,065,000,000.000 (BoP, current US$)","262,244.000 (number)","329,229.000 (number)",-,-,"166,435,572,426.000 (current US$)",17.850 (% of manufactured exports),"127,392,000,000.000 (BoP, current US$)","53,241,000,000.000 (BoP, current US$)","125,720,000,000.000 (BoP, current US$)","43,661,000,000.000 (BoP, current US$)","26,006.89","26,006.89","77,965.79",137.84,"23,216.09",154.84,"69,599.27",149.13,2.51,"27,720.71","27,720.71","82,697.04",140.97,"23,886.47",159.31,"71,258.64",152.68,2.89,-,-,-,-,-,-,-,-,"730,329.00 (mlnUS$)","730,329.00",3.47 (%),"671,963.27 (mlnUS$)",6.35 (%),"2,201.37 (US$)",-,0.53 (%),"1,493,075.00 (명(FTE))",3.98 (%),9.95 (per 1000),9.21 (per 1000),"2,415,108.00 (명(FTE))",-,16.10 (per 1000),14.89 (per 1000),2.30 (%),0.74 (%),66.30 (%),21.25 (%),5.81 (%),6.65 (%),75.96 (%),11.07 (%),9.12 (%),3.85 (%),"1,797,567.00 (Persons)","1,312,000.00 (Persons)","57,477.00 (Persons)",-,"347,663.00 (Persons)","806,013.00 (mlnUS$)",3.46 (%),"709,712.90 (mlnUS$)",5.62 (%),"2,426.19 (US$)",-,0.51 (%),-,-,-,-,-,-,-,-,2.35 (%),0.69 (%),67.91 (%),19.89 (%),5.47 (%),6.74 (%),77.60 (%),10.43 (%),8.29 (%),3.68 (%),-,-,-,-,"135,322.99 (mlnUS$)","13,860,823.00",2.57 (%),"131,416.97 (mlnUS$)",-3.38 (%),3.62 (%),"515,469.00 (명(FTE))",1.58 (%),74.72 (%),9.46 (per 1000),"624,673.00 (명(FTE))",1.23 (%),68.52 (%),11.46 (per 1000),"129,333.85 (mlnUS$)",-3.44 (%),3.56 (%),98.41 (%),0.85 (%),0.10 (%),0.64 (%),"1,076.53 (mlnUS$)",0.80 (%),"28,158.42 (mlnUS$)",20.81 (%),"12,903.13 (mlnUS$)",9.54 (%),"11,529.58 (mlnUS$)",8.52 (%),"139,386.90 (mlnUS$)","14,224,449.00",2.59 (%),"135,172.13 (mlnUS$)",2.86 (%),3.64 (%),"529,053.00 (명(FTE))",2.64 (%),75.10 (%),9.72 (per 1000),"641,790.00 (명(FTE))",2.74 (%),68.13 (%),11.79 (per 1000),"132,704.06 (mlnUS$)",2.61 (%),3.57 (%),98.17 (%),0.99 (%),0.09 (%),0.74 (%)
Japan,"5,638.418 (per million people)",3.296 (% of GDP),"116,513,861,428.000 (current US$)",17.976 (% of manufactured exports),"48,310,405,302.397 (BoP, current US$)","29,653,031,447.885 (BoP, current US$)","222,452.000 (number)","66,748.000 (number)",-,-,"83,102,743,949.000 (current US$)",13.370 (% of manufactured exports),"45,894,067,610.191 (BoP, current US$)","27,889,615,105.526 (BoP, current US$)","51,023,734,066.569 (BoP, current US$)","28,889,174,338.120 (BoP, current US$)","5,930.40","4,262.46","47,463.36",83.91,"5,552.98",113.30,"44,442.68",95.23,0.94,"6,212.96","4,213.17","49,962.71",85.17,"5,634.89",114.97,"45,314.01",97.09,1.48,-,-,-,-,-,-,-,-,"172,047.68 (mlnUS$)","17,622,448.00",3.27 (%),"167,081.61 (mlnUS$)",-2.77 (%),"1,368.63 (US$)",-,0.40 (%),"689,889.00 (명(FTE))",1.18 (%),10.11 (per 1000),10.04 (per 1000),"911,620.00 (명(FTE))",0.91 (%),13.35 (per 1000),13.27 (per 1000),2.56 (%),0.50 (%),78.31 (%),15.19 (%),5.97 (%),0.54 (%),78.65 (%),11.70 (%),8.28 (%),1.37 (%),"951,726.00 (Persons)","570,974.00 (Persons)","34,449.00 (Persons)","6,998.00 (Persons)","336,849.00 (Persons)","177,427.53 (mlnUS$)",3.30 (%),"172,062.49 (mlnUS$)",2.98 (%),"1,413.74 (US$)",-,0.42 (%),"704,502.00 (명(FTE))",2.12 (%),10.33 (per 1000),10.25 (per 1000),"942,024.00 (명(FTE))",3.34 (%),13.81 (per 1000),13.70 (per 1000),2.57 (%),0.51 (%),78.07 (%),15.46 (%),5.86 (%),0.61 (%),78.56 (%),11.87 (%),8.36 (%),1.21 (%),"983,604.00 (Persons)","598,833.00 (Persons)","34,661.00 (Persons)","341,131.00 (Persons)","87,862.20 (mlnUS$)","73,599,778.04",3.79 (%),"81,356.42 (mlnUS$)",1.34 (%),5.62 (%),"365,558.83 (명(FTE))",3.15 (%),81.83 (%),17.39 (per 1000),"416,895.14 (명(FTE))",2.88 (%),76.43 (%),19.83 (per 1000),"76,935.39 (mlnUS$)",2.28 (%),5.31 (%),94.57 (%),5.27 (%),0.06 (%),0.10 (%),472.89 (mlnUS$),0.54 (%),"43,535.46 (mlnUS$)",49.55 (%),"2,588.07 (mlnUS$)",2.95 (%),"10,043.34 (mlnUS$)",11.43 (%),"94,611.87 (mlnUS$)","80,807,627.66",3.90 (%),"87,147.24 (mlnUS$)",7.12 (%),5.78 (%),"390,409.21 (명(FTE))",6.80 (%),82.94 (%),18.48 (per 1000),"445,822.78 (명(FTE))",6.94 (%),77.25 (%),21.11 (per 1000),"81,914.39 (mlnUS$)",6.47 (%),5.43 (%),94.00 (%),5.75 (%),0.06 (%),0.19 (%)
Finland,"7,870.653 (per million people)",2.989 (% of GDP),"5,489,674,612.000 (current US$)",10.294 (% of manufactured exports),"3,422,452,668.326 (BoP, current US$)","1,110,538,038.095 (BoP, current US$)","1,557.000 (number)",105.000 (number),-,-,"4,490,473,203.000 (current US$)",8.132 (% of manufactured exports),"3,192,665,431.480 (BoP, current US$)","991,057,580.479 (BoP, current US$)","3,204,985,648.442 (BoP, current US$)","1,089,055,576.185 (BoP, current US$)",340.85,280.25,"61,338.36",108.44,304.90,127.07,"54,869.07",117.57,0.76,344.04,294.95,"61,684.83",105.15,302.01,125.86,"54,149.75",116.02,-0.95,349.35,299.84,"62,193.85",301.55,125.67,"53,684.12",115.03,-0.15,"8,423.47 (mlnUS$)","6,932.70",2.91 (%),"7,193.05 (mlnUS$)",1.58 (%),"1,523.04 (US$)",-,-,"41,707.10 (명(FTE))",4.31 (%),15.90 (per 1000),15.14 (per 1000),"53,519.10 (명(FTE))",3.93 (%),20.40 (per 1000),19.43 (per 1000),1.63 (%),0.81 (%),55.96 (%),27.68 (%),2.27 (%),14.09 (%),66.99 (%),24.56 (%),7.63 (%),0.82 (%),"61,292.00 (Persons)","31,536.00 (Persons)","4,673.00 (Persons)","2,042.00 (Persons)","24,371.00 (Persons)","9,061.56 (mlnUS$)",2.99 (%),"7,607.10 (mlnUS$)",5.76 (%),"1,635.22 (US$)",-,-,"43,554.00 (명(FTE))",4.43 (%),16.16 (per 1000),15.48 (per 1000),"56,488.00 (명(FTE))",5.55 (%),20.96 (per 1000),20.07 (per 1000),1.73 (%),0.76 (%),58.08 (%),25.58 (%),2.32 (%),14.02 (%),68.78 (%),23.11 (%),7.33 (%),0.78 (%),"65,815.00 (Persons)","34,904.00 (Persons)","4,831.00 (Persons)","25,392.00 (Persons)",160.16 (mlnUS$),77.32,0.26 (%),139.06 (mlnUS$),49.27 (%),0.42 (%),846.00 (명(FTE)),11.61 (%),20.78 (%),1.26 (per 1000),"1,381.00 (명(FTE))",17.53 (%),21.06 (%),2.06 (per 1000),104.29 (mlnUS$),50.34 (%),0.31 (%),75.00 (%),4.94 (%),-,20.06 (%),-,-,9.88 (mlnUS$),7.40 (%),10.34 (mlnUS$),7.74 (%),-,-,182.30 (mlnUS$),92.79,0.28 (%),156.62 (mlnUS$),12.63 (%),0.45 (%),"1,166.00 (명(FTE))",37.83 (%),25.70 (%),1.80 (per 1000),"1,846.00 (명(FTE))",33.67 (%),26.13 (%),2.85 (per 1000),119.17 (mlnUS$),14.27 (%),0.34 (%),76.08 (%),2.17 (%),-,21.74 (%)
New Zealand,"5,102.270 (per million people)",1.455 (% of GDP),"673,678,726.000 (current US$)",9.760 (% of manufactured exports),"1,167,005,031.487 (BoP, current US$)","1,067,663,598.850 (BoP, current US$)",330.000 (number),"6,522.000 (number)",-,-,"819,871,309.000 (current US$)",11.961 (% of manufactured exports),"1,103,242,039.419 (BoP, current US$)","1,092,436,689.012 (BoP, current US$)","1,005,404,965.307 (BoP, current US$)","1,044,550,760.118 (BoP, current US$)",274.52,249.51,"53,381.34",94.37,251.02,183.42,"48,811.38",104.59,3.93,282.47,255.19,"53,772.20",91.67,254.25,185.79,"48,401.31",103.71,1.29,-,-,-,-,-,-,-,-,-,-,-,-,-,-,-,-,-,-,-,-,-,-,-,-,-,-,-,-,-,-,-,-,-,-,-,"15,000.00 (Persons)",-,-,-,"3,602.20 (mlnUS$)",1.47 (%),"3,060.20 (mlnUS$)",4.40 (%),704.42 (US$),1.46 (%),0.29 (%),"26,000.00 (명(FTE))",-3.64 (%),9.59 (per 1000),8.92 (per 1000),"39,000.00 (명(FTE))",0.00 (%),14.38 (per 1000),13.37 (per 1000),0.74 (%),0.46 (%),50.13 (%),31.62 (%),10.41 (%),7.95 (%),59.02 (%),23.86 (%),17.12 (%),-,"42,000.00 (Persons)","16,000.00 (Persons)","3,000.00 (Persons)","23,000.00 (Persons)",598.06 (mlnUS$),265.40,0.53 (%),518.82 (mlnUS$),23.93 (%),0.77 (%),"2,930.00 (명(FTE))",-6.90 (%),28.77 (%),2.83 (per 1000),"5,370.00 (명(FTE))",11.57 (%),37.70 (%),5.19 (per 1000),369.79 (mlnUS$),27.83 (%),0.55 (%),71.27 (%),1.04 (%),0.17 (%),27.51 (%),0.25 (mlnUS$),0.04 (%),53.18 (mlnUS$),8.89 (%),1.37 (mlnUS$),0.23 (%),427.15 (mlnUS$),71.42 (%),669.76 (mlnUS$),306.59,0.55 (%),563.66 (mlnUS$),8.64 (%),0.79 (%),"3,418.97 (명(FTE))",16.69 (%),30.98 (%),3.28 (per 1000),"5,678.78 (명(FTE))",5.75 (%),38.07 (%),5.45 (per 1000),355.32 (mlnUS$),-3.91 (%),0.50 (%),63.04 (%),1.95 (%),0.35 (%),34.65 (%)
Mexico,384.086 (per million people),0.282 (% of GDP),"74,932,930,233.000 (current US$)",19.798 (% of manufactured exports),"558,064,827.000 (BoP, current US$)","5,129,414,066.000 (BoP, current US$)","1,117.000 (number)","15,044.000 (number)",-,0.269 (% of GDP),"85,898,585,526.000 (current US$)",19.342 (% of manufactured exports),"585,046,980.000 (BoP, current US$)","4,883,738,882.000 (BoP, current US$)","431,656,669.000 (BoP, current US$)","6,243,787,528.000 (BoP, current US$)","3,006.94","1,466.46","23,385.37",41.34,"2,699.10",136.89,"20,991.25",44.98,3.71,"3,224.63","1,793.80","24,935.70",42.51,"2,788.04",141.40,"21,559.65",46.19,3.30,-,-,-,-,-,-,-,-,"9,098.95 (mlnUS$)","113,382.51",1.99 (%),"7,694.33 (mlnUS$)",-2.63 (%),850.36 (US$),-,0.54 (%),"44,205.96 (명(FTE))",4.01 (%),8.28 (per 1000),8.22 (per 1000),"80,958.08 (명(FTE))",2.16 (%),15.17 (per 1000),15.06 (per 1000),0.71 (%),0.68 (%),35.59 (%),34.02 (%),1.32 (%),29.08 (%),60.96 (%),21.61 (%),17.14 (%),0.29 (%),"65,193.00 (Persons)","26,522.00 (Persons)","11,080.00 (Persons)","4,484.00 (Persons)","27,325.00 (Persons)","9,568.43 (mlnUS$)",2.00 (%),"8,007.91 (mlnUS$)",4.08 (%),894.47 (US$),-,0.52 (%),"48,080.00 (명(FTE))",8.76 (%),8.97 (per 1000),8.97 (per 1000),"84,670.51 (명(FTE))",4.59 (%),15.80 (per 1000),15.80 (per 1000),0.72 (%),0.65 (%),36.05 (%),32.32 (%),1.08 (%),30.55 (%),62.79 (%),20.30 (%),16.65 (%),0.26 (%),"69,536.00 (Persons)","30,248.00 (Persons)","11,167.00 (Persons)","27,851.00 (Persons)",412.08 (mlnUS$),352.84,0.54 (%),365.67 (mlnUS$),-15.91 (%),0.79 (%),"1,104.50 (명(FTE))",-13.85 (%),37.61 (%),3.05 (per 1000),"3,028.50 (명(FTE))",-6.56 (%),54.45 (%),8.37 (per 1000),-,-,-,-,-,-,-,-,-,-,-,-,-,-,-,444.26 (mlnUS$),381.56,0.53 (%),372.41 (mlnUS$),1.84 (%),0.76 (%),"1,033.40 (명(FTE))",-6.44 (%),32.95 (%),2.78 (per 1000),"2,899.30 (명(FTE))",-4.27 (%),50.96 (%),7.81 (per 1000),315.91 (mlnUS$),-11.22 (%),0.65 (%),84.83 (%),7.65 (%),-,7.52 (%)
Czech Republic,"4,568.607 (per million people)",1.996 (% of GDP),"41,415,752,357.000 (current US$)",20.352 (% of manufactured exports),"817,474,844.048 (BoP, current US$)","1,614,070,191.802 (BoP, current US$)",541.000 (number),59.000 (number),-,-,"45,217,937,911.000 (current US$)",21.208 (% of manufactured exports),"828,135,058.757 (BoP, current US$)","1,633,672,401.983 (BoP, current US$)","954,182,085.976 (BoP, current US$)","1,970,302,731.890 (BoP, current US$)",551.85,301.83,"51,289.76",90.68,513.22,166.28,"47,699.21",102.20,2.85,578.15,343.21,"53,148.73",90.60,512.94,166.19,"47,153.45",101.03,-0.06,595.74,344.99,"54,704.69",518.75,168.07,"47,634.91",102.07,1.13,"5,307.77 (mlnUS$)","771,489.60",1.59 (%),"4,723.66 (mlnUS$)",3.26 (%),544.38 (US$),-,0.33 (%),"42,099.00 (명(FTE))",7.14 (%),9.02 (per 1000),9.01 (per 1000),"59,628.00 (명(FTE))",4.72 (%),12.78 (per 1000),12.77 (per 1000),0.80 (%),0.52 (%),50.23 (%),32.48 (%),0.68 (%),16.61 (%),76.45 (%),12.96 (%),9.92 (%),-,"62,177.00 (Persons)","28,947.00 (Persons)","8,285.00 (Persons)","3,192.00 (Persons)","24,945.00 (Persons)","5,864.07 (mlnUS$)",1.64 (%),"5,219.98 (mlnUS$)",10.51 (%),603.93 (US$),-,0.38 (%),"43,324.00 (명(FTE))",2.91 (%),9.18 (per 1000),9.22 (per 1000),"61,149.00 (명(FTE))",2.55 (%),12.96 (per 1000),13.01 (per 1000),0.83 (%),0.58 (%),50.57 (%),35.08 (%),0.55 (%),13.80 (%),75.46 (%),13.78 (%),10.20 (%),-,"65,202.00 (Persons)","31,474.00 (Persons)","7,896.00 (Persons)","25,832.00 (Persons)","16,130.54 (mlnUS$)","12,314.00",1.55 (%),"13,892.69 (mlnUS$)",1.98 (%),2.47 (%),"70,569.00 (명(FTE))",4.05 (%),69.13 (%),10.29 (per 1000),"118,355.00 (명(FTE))",2.81 (%),71.12 (%),17.26 (per 1000),"11,315.88 (mlnUS$)",1.06 (%),2.01 (%),81.45 (%),6.75 (%),1.04 (%),10.75 (%),-,-,-,-,-,-,-,-,"16,946.48 (mlnUS$)","13,048.18",1.50 (%),"14,302.71 (mlnUS$)",2.95 (%),2.39 (%),"73,162.00 (명(FTE))",3.67 (%),68.96 (%),10.50 (per 1000),"123,627.00 (명(FTE))",4.45 (%),71.19 (%),17.74 (per 1000),"11,665.82 (mlnUS$)",3.09 (%),1.95 (%),81.56 (%),6.19 (%),1.06 (%),11.19 (%)
Hungary,"4,452.152 (per million people)",1.642 (% of GDP),"19,657,869,162.000 (current US$)",16.248 (% of manufactured exports),"1,351,637,674.279 (BoP, current US$)","1,661,069,517.740 (BoP, current US$)",433.000 (number),13.000 (number),-,-,"21,996,652,567.000 (current US$)",17.714 (% of manufactured exports),"1,300,910,931.548 (BoP, current US$)","1,361,436,016.538 (BoP, current US$)","1,389,524,130.984 (BoP, current US$)","1,383,708,231.624 (BoP, current US$)",422.84,177.58,"44,023.04",77.83,384.32,165.99,"40,012.07",85.73,4.26,432.40,212.66,"45,078.06",76.84,380.68,164.42,"39,686.71",85.03,-0.95,439.36,221.90,"45,947.13",382.71,165.29,"40,022.94",85.76,0.53,"18,551.80 (mlnUS$)","32,402.09",1.39 (%),"16,575.08 (mlnUS$)",2.62 (%),483.70 (US$),-,0.46 (%),"124,599.70 (명(FTE))",3.16 (%),7.60 (per 1000),7.34 (per 1000),"173,391.60 (명(FTE))",5.72 (%),10.57 (per 1000),10.21 (per 1000),0.70 (%),0.54 (%),50.64 (%),38.97 (%),3.22 (%),7.18 (%),62.83 (%),34.95 (%),1.97 (%),0.25 (%),"196,420.00 (Persons)","85,469.00 (Persons)","5,387.00 (Persons)","3,014.00 (Persons)","104,040.00 (Persons)","20,668.72 (mlnUS$)",1.43 (%),"18,309.58 (mlnUS$)",10.46 (%),541.60 (US$),-,0.46 (%),"135,649.70 (명(FTE))",8.87 (%),8.07 (per 1000),7.87 (per 1000),"185,313.40 (명(FTE))",6.88 (%),11.02 (per 1000),10.75 (per 1000),0.73 (%),0.54 (%),50.97 (%),37.39 (%),3.46 (%),8.17 (%),63.09 (%),34.66 (%),2.04 (%),0.21 (%),"215,761.00 (Persons)","102,674.00 (Persons)","5,702.00 (Persons)","105,998.00 (Persons)","2,011.15 (mlnUS$)","2,843.00",0.87 (%),"1,731.85 (mlnUS$)",3.59 (%),1.38 (%),"11,000.00 (명(FTE))",10.00 (%),-,5.67 (per 1000),"19,000.00 (명(FTE))",5.56 (%),-,9.80 (per 1000),"1,300.56 (mlnUS$)",3.96 (%),1.04 (%),75.10 (%),11.68 (%),1.48 (%),11.71 (%),-,-,-,-,-,-,"1,366.71 (mlnUS$)",67.96 (%),"2,125.95 (mlnUS$)","3,102.00",0.87 (%),"1,806.07 (mlnUS$)",4.29 (%),1.38 (%),"12,000.00 (명(FTE))",9.09 (%),46.15 (%),6.02 (per 1000),"21,000.00 (명(FTE))",10.53 (%),53.85 (%),10.53 (per 1000),"1,406.08 (mlnUS$)",8.11 (%),1.07 (%),77.85 (%),8.45 (%),1.58 (%),12.15 (%)
Poland,"3,534.499 (per million people)",1.436 (% of GDP),"23,834,306,356.000 (current US$)",9.444 (% of manufactured exports),"1,464,000,000.000 (BoP, current US$)","4,134,000,000.000 (BoP, current US$)","3,377.000 (number)",111.000 (number),-,-,"28,268,826,995.000 (current US$)",10.766 (% of manufactured exports),"1,234,000,000.000 (BoP, current US$)","4,002,000,000.000 (BoP, current US$)","1,370,000,000.000 (BoP, current US$)","4,554,000,000.000 (BoP, current US$)","1,696.65",695.61,"44,909.62",79.40,"1,566.01",222.26,"41,451.67",88.82,5.26,"1,708.55",809.20,"45,403.32",77.40,"1,568.19",222.57,"41,673.31",89.29,0.14,"1,768.02",908.73,"47,156.82","1,612.90",228.92,"43,019.64",92.18,2.85,"111,107.44 (mlnUS$)","93,071,686.49",4.80 (%),"102,880.46 (mlnUS$)",2.91 (%),"2,143.44 (US$)",4.60 (%),0.69 (%),"446,738.85 (명(FTE))",3.73 (%),16.60 (per 1000),16.04 (per 1000),"545,434.83 (명(FTE))",3.76 (%),20.27 (per 1000),19.59 (per 1000),3.67 (%),1.07 (%),76.57 (%),22.40 (%),0.79 (%),0.24 (%),79.08 (%),8.98 (%),10.11 (%),1.84 (%),"558,045.00 (Persons)","401,116.00 (Persons)","30,822.00 (Persons)","8,088.00 (Persons)","115,924.00 (Persons)","119,582.85 (mlnUS$)",4.93 (%),"110,148.08 (mlnUS$)",7.06 (%),"2,311.00 (US$)",4.72 (%),0.73 (%),"470,728.12 (명(FTE))",5.37 (%),17.26 (per 1000),16.74 (per 1000),"577,099.35 (명(FTE))",5.81 (%),21.16 (per 1000),20.53 (per 1000),3.75 (%),1.12 (%),76.12 (%),22.80 (%),0.79 (%),0.29 (%),79.12 (%),9.14 (%),9.77 (%),1.98 (%),"586,666.00 (Persons)","429,465.00 (Persons)","31,370.00 (Persons)","114,635.00 (Persons)","4,271.87 (mlnUS$)","42,205.60",1.22 (%),"3,708.56 (mlnUS$)",0.12 (%),2.11 (%),"18,525.00 (명(FTE))",5.62 (%),51.01 (%),10.65 (per 1000),"26,141.00 (명(FTE))",3.92 (%),53.41 (%),15.03 (per 1000),"2,918.67 (mlnUS$)",0.47 (%),1.66 (%),78.70 (%),10.59 (%),0.01 (%),10.70 (%),-,-,226.39 (mlnUS$),5.30 (%),44.81 (mlnUS$),1.05 (%),"2,699.56 (mlnUS$)",63.19 (%),"4,621.76 (mlnUS$)","43,962.93",1.04 (%),"3,775.19 (mlnUS$)",1.80 (%),1.66 (%),"19,711.00 (명(FTE))",6.40 (%),50.58 (%),11.24 (per 1000),"27,053.00 (명(FTE))",3.49 (%),52.10 (%),15.43 (per 1000),"2,937.42 (mlnUS$)",0.64 (%),1.29 (%),77.81 (%),11.06 (%),0.02 (%),11.11 (%)
South Korea,"9,081.936 (per million people)",4.930 (% of GDP),"204,979,876,610.000 (current US$)",36.126 (% of manufactured exports),"8,070,800,000.000 (BoP, current US$)","11,116,300,000.000 (BoP, current US$)","186,245.000 (number)","51,753.000 (number)",-,-,"98,537,965,972.000 (current US$)",16.938 (% of manufactured exports),"7,947,200,000.000 (BoP, current US$)","11,689,300,000.000 (BoP, current US$)","9,057,000,000.000 (BoP, current US$)","12,352,600,000.000 (BoP, current US$)","2,845.65","1,799.36","55,070.38",97.36,"2,667.31",211.60,"51,619.05",110.60,2.73,"2,898.62","1,839.06","56,051.98",95.55,"2,704.76",214.57,"52,303.36",112.07,1.40,-,-,-,-,-,-,-,-,458.02 (mlnUS$),221.12,0.73 (%),397.67 (mlnUS$),12.19 (%),240.95 (US$),-,0.21 (%),"4,072.00 (명(FTE))",12.11 (%),4.64 (per 1000),4.19 (per 1000),"6,559.00 (명(FTE))",10.72 (%),7.47 (per 1000),6.75 (per 1000),0.23 (%),0.26 (%),31.24 (%),35.87 (%),1.58 (%),31.30 (%),34.97 (%),47.30 (%),17.73 (%),-,"8,394.00 (Persons)","1,476.00 (Persons)","1,025.00 (Persons)",564.00 (Persons),"5,893.00 (Persons)",488.95 (mlnUS$),0.74 (%),420.07 (mlnUS$),5.63 (%),259.66 (US$),-,0.21 (%),"4,537.00 (명(FTE))",11.42 (%),5.30 (per 1000),4.85 (per 1000),"7,066.00 (명(FTE))",7.73 (%),8.26 (per 1000),7.56 (per 1000),0.25 (%),0.25 (%),33.47 (%),33.89 (%),2.22 (%),30.42 (%),37.29 (%),44.35 (%),18.37 (%),-,"9,143.00 (Persons)","1,813.00 (Persons)","1,035.00 (Persons)","6,295.00 (Persons)","11,656.57 (mlnUS$)","20,359.06",0.87 (%),"10,414.54 (mlnUS$)",2.61 (%),1.26 (%),"63,339.40 (명(FTE))",9.37 (%),50.83 (%),4.91 (per 1000),"96,129.20 (명(FTE))",10.82 (%),55.44 (%),7.45 (per 1000),"8,214.76 (mlnUS$)",2.88 (%),0.99 (%),78.88 (%),13.56 (%),0.24 (%),7.32 (%),125.20 (mlnUS$),1.07 (%),580.69 (mlnUS$),4.98 (%),201.92 (mlnUS$),1.73 (%),"7,094.59 (mlnUS$)",60.86 (%),"13,039.55 (mlnUS$)","23,769.06",0.90 (%),"11,551.21 (mlnUS$)",10.91 (%),1.33 (%),"72,091.70 (명(FTE))",13.82 (%),53.15 (%),5.50 (per 1000),"105,814.40 (명(FTE))",10.08 (%),57.10 (%),8.07 (per 1000),"9,147.26 (mlnUS$)",11.35 (%),1.05 (%),79.19 (%),12.67 (%),0.16 (%),7.98 (%)